distrito,monto
Miraflores,272.43153409090905
La Molina,269.8031868131868
Surco,260.7694652406417
San Borja,257.68560240963853
